{
  "experiment_id": "nvda_hmhp_multihorizon_v1_20260125T231536_6d251dd5_retro",
  "name": "nvda_hmhp_multihorizon_v1",
  "manifest_path": "experiments/retroactive/nvda_hmhp_multihorizon_v1.yaml",
  "fingerprint": "6d251dd56fb1a91c569e304e2a1e23c29206e06291d10bfb7a24b1389066fb4f",
  "provenance": {
    "git": {
      "commit_hash": "not_git_tracked",
      "branch": "",
      "dirty": false,
      "short_hash": "not_git_"
    },
    "config_hashes": {
      "manifest": "d6c13b4a5de16debd12a994cce683375433bba41d2bad2ddaa6db4aaeb59200a"
    },
    "data_dir_hash": "",
    "contract_version": "2.2",
    "timestamp_utc": "2026-01-25T23:15:36.818435+00:00",
    "retroactive": true,
    "schema_version": "1.0"
  },
  "contract_version": "2.2",
  "extraction_config": {},
  "training_config": {},
  "backtest_params": {},
  "training_metrics": {
    "n_epochs": 16,
    "best_epoch": 15,
    "best_train_loss": 1.1544574160737116,
    "best_val_loss": 1.162362590125743,
    "best_val_accuracy": 0.5929034859425975,
    "best_val_agreement_ratio": 0.9133975981556116,
    "best_val_confirmation_score": 0.5632302886116326,
    "best_val_consistency_loss": 0.0,
    "best_val_h10_loss": 0.8499791243179362,
    "best_val_h10_accuracy": 0.5931600747773176,
    "best_val_h20_loss": 1.0125313917085015,
    "best_val_h20_accuracy": 0.47672372713610206,
    "best_val_h50_loss": 1.065651053834978,
    "best_val_h50_accuracy": 0.4215204721234559,
    "best_val_h100_loss": 1.081355028221769,
    "best_val_h100_accuracy": 0.3965580440599685,
    "best_val_h200_loss": 1.0875150978091106,
    "best_val_h200_accuracy": 0.38352699681096736,
    "final_epoch": 15,
    "final_train_loss": 1.1544574160737116,
    "final_val_loss": 1.162362590125743,
    "final_val_accuracy": 0.5929034859425975,
    "final_val_agreement_ratio": 0.9133975981556116,
    "final_val_confirmation_score": 0.5632302886116326,
    "final_val_consistency_loss": 0.0,
    "final_val_h10_loss": 0.8499791243179362,
    "final_val_h10_accuracy": 0.5931600747773176,
    "final_val_h20_loss": 1.0125313917085015,
    "final_val_h20_accuracy": 0.47672372713610206,
    "final_val_h50_loss": 1.065651053834978,
    "final_val_h50_accuracy": 0.4215204721234559,
    "final_val_h100_loss": 1.081355028221769,
    "final_val_h100_accuracy": 0.3965580440599685,
    "final_val_h200_loss": 1.0875150978091106,
    "final_val_h200_accuracy": 0.38352699681096736,
    "accuracy": 0.5929034859425975
  },
  "backtest_metrics": {},
  "dataset_health": {},
  "tags": [
    "retroactive-training",
    "nvda",
    "hmhp",
    "multi-horizon",
    "cascade",
    "confirmation",
    "11month",
    "experiment",
    "retroactive"
  ],
  "hypothesis": "See EXPERIMENT_INDEX.md for the original hypothesis of nvda_hmhp_multihorizon_v1.",
  "description": "Hierarchical Multi-Horizon Predictor (HMHP) on 11-month NVDA dataset.\nFirst experiment with cascading state and cross-horizon confirmation.",
  "notes": "Generated by generate_retroactive_manifests.py",
  "created_at": "2026-01-25T23:15:36.818435+00:00",
  "duration_seconds": 0.0,
  "status": "completed",
  "stages_completed": [],
  "sweep_id": "",
  "axis_values": {},
  "record_type": "training",
  "sub_records": [],
  "parent_experiment_id": ""
}