{
  "experiment_id": "nvda_hmhp_triple_barrier_volscaled_20260222T234556_0aa0671f_retro",
  "name": "nvda_hmhp_triple_barrier_volscaled",
  "manifest_path": "experiments/retroactive/nvda_hmhp_triple_barrier_volscaled.yaml",
  "fingerprint": "0aa0671fb8219f2fa4ca5863a7e7bf7970cc1023b6ff9ce3cc2d231b82cfc45c",
  "provenance": {
    "git": {
      "commit_hash": "not_git_tracked",
      "branch": "",
      "dirty": false,
      "short_hash": "not_git_"
    },
    "config_hashes": {
      "manifest": "ff4269784172a83d4c3201d56c948b7bc734cd7295c2298d8266fc5336880bcc"
    },
    "data_dir_hash": "",
    "contract_version": "2.2",
    "timestamp_utc": "2026-02-22T23:45:56.998594+00:00",
    "retroactive": true,
    "schema_version": "1.0"
  },
  "contract_version": "2.2",
  "extraction_config": {},
  "training_config": {},
  "backtest_params": {},
  "training_metrics": {
    "n_epochs": 10,
    "best_epoch": 1,
    "best_train_loss": 0.8411043996516342,
    "best_val_loss": 0.891465545057615,
    "best_val_accuracy": 0.5032510943824752,
    "best_val_agreement_ratio": 0.9972037559162862,
    "best_val_confirmation_score": 0.7599652681424596,
    "best_val_consistency_loss": 0.0,
    "best_val_h50_loss": 1.0007958691061238,
    "best_val_h50_accuracy": 0.5034525706540652,
    "best_val_h100_loss": 0.9742768506552948,
    "best_val_h100_accuracy": 0.5207612139861164,
    "best_val_h200_loss": 0.9740640254025669,
    "best_val_h200_accuracy": 0.5262193893437368,
    "final_epoch": 9,
    "final_train_loss": 0.8251138747428836,
    "final_val_loss": 0.9040114878461848,
    "final_val_accuracy": 0.4850083337912339,
    "final_val_agreement_ratio": 0.9906160938134309,
    "final_val_confirmation_score": 0.7045850795706233,
    "final_val_consistency_loss": 0.0,
    "final_val_h50_loss": 1.012941415259425,
    "final_val_h50_accuracy": 0.485777606828214,
    "final_val_h100_loss": 0.9888582534111382,
    "final_val_h100_accuracy": 0.5055589134934154,
    "final_val_h200_loss": 0.9928189336206611,
    "final_val_h200_accuracy": 0.5059435500119054,
    "accuracy": 0.5032510943824752
  },
  "backtest_metrics": {},
  "dataset_health": {},
  "tags": [
    "retroactive-training",
    "nvda",
    "hmhp",
    "triple-barrier",
    "volatility-scaled",
    "per-day-barriers",
    "balanced-classes",
    "multi-horizon",
    "cascading",
    "focal-loss",
    "retroactive"
  ],
  "hypothesis": "See EXPERIMENT_INDEX.md for the original hypothesis of nvda_hmhp_triple_barrier_volscaled.",
  "description": "HMHP multi-horizon model with VOLATILITY-SCALED per-day Triple Barrier thresholds.\nBarriers adapt to daily realized volatility for consistent class distribution\nacross all market regimes. Cascading state from H50 \u2192 H100 \u2192 H200.",
  "notes": "Generated by generate_retroactive_manifests.py",
  "created_at": "2026-02-22T23:45:56.998594+00:00",
  "duration_seconds": 0.0,
  "status": "completed",
  "stages_completed": [],
  "sweep_id": "",
  "axis_values": {},
  "record_type": "training",
  "sub_records": [],
  "parent_experiment_id": ""
}