{
  "verdict": "REFUTE",
  "exit_code": 1,
  "gates": {
    "h1_mean_ok": false,
    "h1_ci_ok": false,
    "h1_drop_top5_ok": true,
    "h4_negative_control_ok": true,
    "h5_invariant_ok": true
  },
  "observed": {
    "h1_mean": 4.689072170779289e-05,
    "h1_ci_low": -1.706186141780008e-05,
    "h1_ci_high": 0.00011603692615920944,
    "h1_drop_top5": 1.3437462089330018e-05,
    "h4_mean": 1.5668238439475087e-05
  },
  "h5_failed_cells": [],
  "reasons": [
    "H1a FAIL: mean OptRet=0.0000 \u2264 +0.0100",
    "H1b FAIL: CI=(-0.0000, 0.0001); lower \u2264 0",
    "H1c PASS: drop-top-5 mean=0.0000 > 0",
    "H4 PASS: mean across 8 thresholds=0.0000 > -0.0050"
  ],
  "cell_results": {
    "temporal_ridge__point_return__deep_itm_1.4bps": {
      "n_seeds": 1,
      "n_total_trades": 641,
      "mean_opt_ret": 1.3304976628936896e-05,
      "ci_low": -5.908058678129083e-05,
      "ci_high": 8.650949037748987e-05,
      "n_nonfinite_replaced": 0,
      "block_length_used": 9,
      "drop_top5_mean": 2.2048923985093542e-05,
      "h5_bit_exact": true,
      "insufficient_data": false
    },
    "temporal_ridge__point_return__itm_2bps": {
      "n_seeds": 1,
      "n_total_trades": 580,
      "mean_opt_ret": -8.372438487272329e-06,
      "ci_low": -8.808521441507574e-05,
      "ci_high": 7.105992047770224e-05,
      "n_nonfinite_replaced": 0,
      "block_length_used": 9,
      "drop_top5_mean": 2.7215209496019344e-06,
      "h5_bit_exact": true,
      "insufficient_data": false
    },
    "temporal_ridge__point_return__itm_3bps": {
      "n_seeds": 1,
      "n_total_trades": 474,
      "mean_opt_ret": -2.9628901805887684e-05,
      "ci_low": -0.00011980511497616232,
      "ci_high": 6.64388870078408e-05,
      "n_nonfinite_replaced": 0,
      "block_length_used": 8,
      "drop_top5_mean": 2.1284524983690415e-06,
      "h5_bit_exact": true,
      "insufficient_data": false
    },
    "temporal_ridge__point_return__atm_5bps": {
      "n_seeds": 1,
      "n_total_trades": 326,
      "mean_opt_ret": 2.572662623130986e-05,
      "ci_low": -5.695345684442902e-05,
      "ci_high": 0.00010904486868582844,
      "n_nonfinite_replaced": 0,
      "block_length_used": 7,
      "drop_top5_mean": 4.982773969902265e-05,
      "h5_bit_exact": true,
      "insufficient_data": false
    },
    "temporal_ridge__point_return__high_conv_8bps": {
      "n_seeds": 1,
      "n_total_trades": 194,
      "mean_opt_ret": -1.861104655850622e-05,
      "ci_low": -0.00016192305497504523,
      "ci_high": 9.52308148023093e-05,
      "n_nonfinite_replaced": 0,
      "block_length_used": 6,
      "drop_top5_mean": 6.955525128395013e-05,
      "h5_bit_exact": true,
      "insufficient_data": false
    },
    "temporal_ridge__point_return__very_high_10bps": {
      "n_seeds": 1,
      "n_total_trades": 149,
      "mean_opt_ret": -6.455543839586426e-06,
      "ci_low": -0.00020429542065308055,
      "ci_high": 0.00016011156855012305,
      "n_nonfinite_replaced": 0,
      "block_length_used": 6,
      "drop_top5_mean": 0.00010285705588759355,
      "h5_bit_exact": true,
      "insufficient_data": false
    },
    "temporal_ridge__point_return__ultra_conv_15bps": {
      "n_seeds": 1,
      "n_total_trades": 76,
      "mean_opt_ret": 5.171776316036619e-05,
      "ci_low": -0.00023904528931418306,
      "ci_high": 0.0003315444765540938,
      "n_nonfinite_replaced": 0,
      "block_length_used": 5,
      "drop_top5_mean": 0.000188469703710417,
      "h5_bit_exact": true,
      "insufficient_data": false
    },
    "temporal_ridge__point_return__max_conv_20bps": {
      "n_seeds": 1,
      "n_total_trades": 43,
      "mean_opt_ret": -0.00011063109832673093,
      "ci_low": -0.0005743098977928984,
      "ci_high": 0.00030486854002127013,
      "n_nonfinite_replaced": 0,
      "block_length_used": 4,
      "drop_top5_mean": 0.0001122660719094836,
      "h5_bit_exact": true,
      "insufficient_data": false
    },
    "temporal_ridge__peak_return__deep_itm_1.4bps": {
      "n_seeds": 1,
      "n_total_trades": 702,
      "mean_opt_ret": 4.689072170779289e-05,
      "ci_low": -1.706186141780008e-05,
      "ci_high": 0.00011603692615920944,
      "n_nonfinite_replaced": 0,
      "block_length_used": 9,
      "drop_top5_mean": 1.3437462089330018e-05,
      "h5_bit_exact": true,
      "insufficient_data": false
    },
    "temporal_ridge__peak_return__itm_2bps": {
      "n_seeds": 1,
      "n_total_trades": 685,
      "mean_opt_ret": -3.6778779574416345e-05,
      "ci_low": -8.619220309653894e-05,
      "ci_high": 1.3160565323416791e-05,
      "n_nonfinite_replaced": 0,
      "block_length_used": 9,
      "drop_top5_mean": -9.860308916968499e-07,
      "h5_bit_exact": true,
      "insufficient_data": false
    },
    "temporal_ridge__peak_return__itm_3bps": {
      "n_seeds": 1,
      "n_total_trades": 648,
      "mean_opt_ret": -3.4296696997697166e-05,
      "ci_low": -9.61557847831622e-05,
      "ci_high": 2.4508847192279525e-05,
      "n_nonfinite_replaced": 0,
      "block_length_used": 9,
      "drop_top5_mean": -3.028642903117298e-06,
      "h5_bit_exact": true,
      "insufficient_data": false
    },
    "temporal_ridge__peak_return__atm_5bps": {
      "n_seeds": 1,
      "n_total_trades": 500,
      "mean_opt_ret": -5.349178277954973e-05,
      "ci_low": -0.0001303084701220553,
      "ci_high": 2.3726707987099234e-05,
      "n_nonfinite_replaced": 0,
      "block_length_used": 8,
      "drop_top5_mean": -1.302158102567799e-05,
      "h5_bit_exact": true,
      "insufficient_data": false
    },
    "temporal_ridge__peak_return__high_conv_8bps": {
      "n_seeds": 1,
      "n_total_trades": 303,
      "mean_opt_ret": 4.049432267037936e-05,
      "ci_low": -5.0268711730172215e-05,
      "ci_high": 0.00012716808239787958,
      "n_nonfinite_replaced": 0,
      "block_length_used": 7,
      "drop_top5_mean": 5.656697467370958e-05,
      "h5_bit_exact": true,
      "insufficient_data": false
    },
    "temporal_ridge__peak_return__very_high_10bps": {
      "n_seeds": 1,
      "n_total_trades": 225,
      "mean_opt_ret": 6.501180494595349e-06,
      "ci_low": -0.00012492583775437248,
      "ci_high": 0.00012532908682924424,
      "n_nonfinite_replaced": 0,
      "block_length_used": 7,
      "drop_top5_mean": 8.9379630293856e-05,
      "h5_bit_exact": true,
      "insufficient_data": false
    },
    "temporal_ridge__peak_return__ultra_conv_15bps": {
      "n_seeds": 1,
      "n_total_trades": 125,
      "mean_opt_ret": 0.00010483022791932268,
      "ci_low": -9.28231418772988e-05,
      "ci_high": 0.00026760318585061056,
      "n_nonfinite_replaced": 0,
      "block_length_used": 5,
      "drop_top5_mean": 0.00014849067893733133,
      "h5_bit_exact": true,
      "insufficient_data": false
    },
    "temporal_ridge__peak_return__max_conv_20bps": {
      "n_seeds": 1,
      "n_total_trades": 80,
      "mean_opt_ret": 5.1196714075373676e-05,
      "ci_low": -0.0002467233224119331,
      "ci_high": 0.0002708177664799102,
      "n_nonfinite_replaced": 0,
      "block_length_used": 5,
      "drop_top5_mean": 0.0001761881931686487,
      "h5_bit_exact": true,
      "insufficient_data": false
    },
    "tlob__point_return__deep_itm_1.4bps": {
      "n_seeds": 9,
      "n_total_trades": 5387,
      "mean_opt_ret": -4.505212221097554e-05,
      "ci_low": -7.144817935099475e-05,
      "ci_high": -2.0144816693269194e-05,
      "n_nonfinite_replaced": 0,
      "block_length_used": 18,
      "drop_top5_mean": -5.641438843898514e-05,
      "h5_bit_exact": false,
      "insufficient_data": false
    },
    "tlob__point_return__itm_2bps": {
      "n_seeds": 9,
      "n_total_trades": 4356,
      "mean_opt_ret": -3.651790742014974e-05,
      "ci_low": -6.506292464788814e-05,
      "ci_high": -9.346122152235175e-06,
      "n_nonfinite_replaced": 0,
      "block_length_used": 17,
      "drop_top5_mean": -4.80171852846157e-05,
      "h5_bit_exact": false,
      "insufficient_data": false
    },